id_mutation,date_mutation,numero_disposition,nature_mutation,valeur_fonciere,adresse_numero,adresse_suffixe,adresse_nom_voie,adresse_code_voie,code_postal,code_commune,nom_commune,code_departement,ancien_code_commune,ancien_nom_commune,id_parcelle,ancien_id_parcelle,numero_volume,lot1_numero,lot1_surface_carrez,lot2_numero,lot2_surface_carrez,lot3_numero,lot3_surface_carrez,lot4_numero,lot4_surface_carrez,lot5_numero,lot5_surface_carrez,nombre_lots,code_type_local,type_local,surface_reelle_bati,nombre_pieces_principales,code_nature_culture,nature_culture,code_nature_culture_speciale,nature_culture_speciale,surface_terrain,longitude,latitude,section_prefixe
2018-743301,10/12/2018,1,Vente,172000,7,None,RUE JULES VALLES,329,77200,77468,Torcy,77,None,None,77468000AE0059,None,None,23,63.09,None,nan,None,None,None,None,None,None,1,2,Appartement,64,3,None,None,None,None,nan,2.644406,48.844072,000AE
2018-743301,10/12/2018,1,Vente,172000,7,None,RUE JULES VALLES,329,77200,77468,Torcy,77,None,None,77468000AE0059,None,None,120,nan,None,nan,None,None,None,None,None,None,1,3,Dépendance,nan,0,None,None,None,None,nan,2.644406,48.844072,000AE
2018-743274,7/12/2018,1,Vente,195000,6,None,RUE JULES VALLES,329,77200,77468,Torcy,77,None,None,77468000AE0091,None,None,137,74.35,None,nan,None,None,None,None,None,None,1,2,Appartement,74,3,None,None,None,None,nan,2.642604,48.844414,000AE
2018-743274,7/12/2018,1,Vente,195000,6,None,RUE JULES VALLES,329,77200,77468,Torcy,77,None,None,77468000AE0091,None,None,159,nan,None,nan,None,None,None,None,None,None,1,3,Dépendance,nan,0,None,None,None,None,nan,2.642604,48.844414,000AE
2018-742961,30/11/2018,1,Vente,1,nan,None,RUE DE PARIS,390,77200,77468,Torcy,77,None,None,77468000AE0205,None,None,None,nan,None,nan,None,None,None,None,None,None,0,None,None,nan,nan,S,sols,None,None,9,2.643598,48.849513,000AE
2018-742961,30/11/2018,1,Vente,1,nan,None,RUE DE PARIS,390,77200,77468,Torcy,77,None,None,77468000AE0206,None,None,None,nan,None,nan,None,None,None,None,None,None,0,None,None,nan,nan,S,sols,None,None,50,2.643237,48.84947,000AE
2018-742961,30/11/2018,1,Vente,1,nan,None,RUE DE PARIS,390,77200,77468,Torcy,77,None,None,77468000AE0207,None,None,None,nan,None,nan,None,None,None,None,None,None,0,None,None,nan,nan,S,sols,None,None,1,2.643302,48.849472,000AE
2018-742961,30/11/2018,1,Vente,1,nan,None,RUE DE PARIS,390,77200,77468,Torcy,77,None,None,77468000AE0214,None,None,None,nan,None,nan,None,None,None,None,None,None,0,None,None,nan,nan,S,sols,None,None,298,2.642714,48.849404,000AE
2018-742961,30/11/2018,1,Vente,1,nan,None,PROM DU GALION,177,77200,77468,Torcy,77,None,None,77468000AE0122,None,None,None,nan,None,nan,None,None,None,None,None,None,0,None,None,nan,nan,S,sols,None,None,1455,2.641667,48.847022,000AE
2018-742961,30/11/2018,1,Vente,1,nan,None,PROM DU GALION,177,77200,77468,Torcy,77,None,None,77468000AE0146,None,None,None,nan,None,nan,None,None,None,None,None,None,0,None,None,nan,nan,S,sols,None,None,1427,2.643581,48.846778,000AE
2018-742961,30/11/2018,1,Vente,1,nan,None,RUE DE PARIS,390,77200,77468,Torcy,77,None,None,77468000AE0204,None,None,None,nan,None,nan,None,None,None,None,None,None,0,None,None,nan,nan,S,sols,None,None,125,2.643442,48.849517,000AE
2018-742961,30/11/2018,1,Vente,1,nan,None,LE QUINQUONCE,B040,77200,77468,Torcy,77,None,None,77468000AE0038,None,None,None,nan,None,nan,None,None,None,None,None,None,0,None,None,nan,nan,T,terres,None,None,820,2.641177,48.849415,000AE
2018-742961,30/11/2018,1,Vente,1,nan,None,RUE DE PARIS,390,77200,77468,Torcy,77,None,None,77468000AE0040,None,None,None,nan,None,nan,None,None,None,None,None,None,0,None,None,nan,nan,S,sols,None,None,38,2.643195,48.849493,000AE
2018-742447,12/11/2018,1,Vente,169000,3,None,ALL DE LA CARAVELLE,84,77200,77468,Torcy,77,None,None,77468000AE0158,None,None,27,64.83,36,nan,None,None,None,None,None,None,2,2,Appartement,66,3,None,None,None,None,nan,2.644128,48.846618,000AE
2018-742447,12/11/2018,1,Vente,169000,3,None,ALL DE LA CARAVELLE,84,77200,77468,Torcy,77,None,None,77468000AE0158,None,None,40,nan,None,nan,None,None,None,None,None,None,1,3,Dépendance,nan,0,None,None,None,None,nan,2.644128,48.846618,000AE
2018-744651,8/11/2018,1,Adjudication,71000,4,None,RUE JULES VALLES,329,77200,77468,Torcy,77,None,None,77468000AE0097,None,None,317,nan,None,nan,None,None,None,None,None,None,1,2,Appartement,19,1,None,None,None,None,nan,2.643909,48.844734,000AE
2018-742053,31/10/2018,1,Vente,250000,1,None,ALL LA PEROUSE,275,77200,77468,Torcy,77,None,None,77468000AE0021,None,None,13,nan,None,nan,None,None,None,None,None,None,1,1,Maison,91,4,S,sols,None,None,89,2.640977,48.847877,000AE
2018-741575,19/10/2018,1,Vente,255000,7,None,ALL DUMONT D URVILLE,127,77200,77468,Torcy,77,None,None,77468000AE0021,None,None,26,92.88,None,nan,None,None,None,None,None,None,1,1,Maison,91,4,S,sols,None,None,101,2.640977,48.847877,000AE
2018-741236,11/10/2018,1,Vente,224000,13,None,RUE JULES VALLES,329,77200,77468,Torcy,77,None,None,77468000AE0059,None,None,68,76.81,None,nan,None,None,None,None,None,None,1,2,Appartement,76,4,None,None,None,None,nan,2.644406,48.844072,000AE
2018-741236,11/10/2018,1,Vente,224000,7,None,RUE JULES VALLES,329,77200,77468,Torcy,77,None,None,77468000AE0059,None,None,88,nan,None,nan,None,None,None,None,None,None,1,3,Dépendance,nan,0,None,None,None,None,nan,2.644406,48.844072,000AE
2018-741093,5/10/2018,1,Vente,196260,2,None,RUE VICTOR HUGO,491,77200,77468,Torcy,77,None,None,77468000AE0057,None,None,34,67.21,None,nan,None,None,None,None,None,None,1,2,Appartement,69,3,None,None,None,None,nan,2.644865,48.84416,000AE
2018-741093,5/10/2018,1,Vente,196260,2,None,RUE VICTOR HUGO,491,77200,77468,Torcy,77,None,None,77468000AE0057,None,None,90,nan,None,nan,None,None,None,None,None,None,1,3,Dépendance,nan,0,None,None,None,None,nan,2.644865,48.84416,000AE
2018-741540,29/09/2018,1,Vente,107000,4,None,RUE JULES VALLES,329,77200,77468,Torcy,77,None,None,77468000AE0097,None,None,322,24.67,None,nan,None,None,None,None,None,None,1,2,Appartement,24,1,None,None,None,None,nan,2.643909,48.844734,000AE
2018-741540,29/09/2018,1,Vente,107000,2,None,RUE JULES VALLES,329,77200,77468,Torcy,77,None,None,77468000AE0097,None,None,422,nan,None,nan,None,None,None,None,None,None,1,3,Dépendance,nan,0,None,None,None,None,nan,2.643909,48.844734,000AE
2018-740229,12/09/2018,1,Vente,200000,8,None,CRS DE L ARCHE GUEDON,8,77200,77468,Torcy,77,None,None,77468000AE0002,None,None,203,66.22,None,nan,None,None,None,None,None,None,1,2,Appartement,67,3,None,None,None,None,nan,2.639724,48.848981,000AE
2018-740229,12/09/2018,1,Vente,200000,1,B,ALL DES VERGERS,489,77200,77468,Torcy,77,None,None,77468000AE0004,None,None,22,nan,None,nan,None,None,None,None,None,None,1,3,Dépendance,nan,0,None,None,None,None,nan,2.641593,48.849258,000AE
2018-740054,14/08/2018,1,Vente,98000,7,None,RUE JULES VALLES,329,77200,77468,Torcy,77,None,None,77468000AE0059,None,None,16,33.91,None,nan,None,None,None,None,None,None,1,2,Appartement,33,1,None,None,None,None,nan,2.644406,48.844072,000AE
2018-740054,14/08/2018,1,Vente,98000,7,None,RUE JULES VALLES,329,77200,77468,Torcy,77,None,None,77468000AE0059,None,None,131,nan,None,nan,None,None,None,None,None,None,1,3,Dépendance,nan,0,None,None,None,None,nan,2.644406,48.844072,000AE
2018-739742,4/08/2018,1,Vente,275000,12,None,ALL DES VERGERS,489,77200,77468,Torcy,77,None,None,77468000AE0015,None,None,8,91.25,None,nan,None,None,None,None,None,None,1,1,Maison,91,4,S,sols,None,None,74,2.639248,48.848453,000AE
2018-739053,6/07/2018,1,Vente,187000,6,None,RUE JULES VALLES,329,77200,77468,Torcy,77,None,None,77468000AE0091,None,None,118,58.93,None,nan,None,None,None,None,None,None,1,2,Appartement,59,3,None,None,None,None,nan,2.642604,48.844414,000AE
2018-739053,6/07/2018,1,Vente,187000,6,None,RUE JULES VALLES,329,77200,77468,Torcy,77,None,None,77468000AE0091,None,None,150,nan,None,nan,None,None,None,None,None,None,1,3,Dépendance,nan,0,None,None,None,None,nan,2.642604,48.844414,000AE
2018-737927,29/06/2018,1,Vente,195000,13,None,RUE JULES VALLES,329,77200,77468,Torcy,77,None,None,77468000AE0059,None,None,67,76.51,None,nan,None,None,None,None,None,None,1,2,Appartement,76,4,None,None,None,None,nan,2.644406,48.844072,000AE
2018-737927,29/06/2018,1,Vente,195000,7,None,RUE JULES VALLES,329,77200,77468,Torcy,77,None,None,77468000AE0059,None,None,87,nan,None,nan,None,None,None,None,None,None,1,3,Dépendance,nan,0,None,None,None,None,nan,2.644406,48.844072,000AE
2018-737849,26/06/2018,1,Vente,130000,6,None,RUE JULES VALLES,329,77200,77468,Torcy,77,None,None,77468000AE0091,None,None,130,57.71,None,nan,None,None,None,None,None,None,1,2,Appartement,57,3,None,None,None,None,nan,2.642604,48.844414,000AE
2018-737849,26/06/2018,1,Vente,130000,6,None,RUE JULES VALLES,329,77200,77468,Torcy,77,None,None,77468000AE0091,None,None,142,nan,None,nan,None,None,None,None,None,None,1,3,Dépendance,nan,0,None,None,None,None,nan,2.642604,48.844414,000AE
2018-737888,22/06/2018,1,Vente,205000,5,None,ALL PIROUETTE,441,77200,77468,Torcy,77,None,None,77468000AE0002,None,None,263,70.23,None,nan,None,None,None,None,None,None,1,2,Appartement,67,3,None,None,None,None,nan,2.639724,48.848981,000AE
2018-737888,22/06/2018,1,Vente,205000,1,B,ALL DES VERGERS,489,77200,77468,Torcy,77,None,None,77468000AE0004,None,None,8,nan,None,nan,None,None,None,None,None,None,1,3,Dépendance,nan,0,None,None,None,None,nan,2.641593,48.849258,000AE
2018-736459,27/04/2018,1,Vente,265000,5,None,ALL LA PEROUSE,275,77200,77468,Torcy,77,None,None,77468000AE0021,None,None,15,100.32,None,nan,None,None,None,None,None,None,1,1,Maison,118,5,S,sols,None,None,1,2.640977,48.847877,000AE
2018-736477,30/03/2018,1,Vente,185000,2,None,RUE VICTOR HUGO,491,77200,77468,Torcy,77,None,None,77468000AE0057,None,None,41,66.53,None,nan,None,None,None,None,None,None,1,2,Appartement,66,3,None,None,None,None,nan,2.644865,48.84416,000AE
2018-736477,30/03/2018,1,Vente,185000,2,None,RUE VICTOR HUGO,491,77200,77468,Torcy,77,None,None,77468000AE0057,None,None,84,nan,None,nan,None,None,None,None,None,None,1,3,Dépendance,nan,0,None,None,None,None,nan,2.644865,48.84416,000AE
2018-735350,27/03/2018,1,Vente,115000,6,None,RUE JULES VALLES,329,77200,77468,Torcy,77,None,None,77468000AE0091,None,None,111,29.06,None,nan,None,None,None,None,None,None,1,2,Appartement,28,1,None,None,None,None,nan,2.642604,48.844414,000AE
2018-735350,27/03/2018,1,Vente,115000,13,None,RUE VICTOR HUGO,491,77200,77468,Torcy,77,None,None,77468000AE0091,None,None,204,nan,None,nan,None,None,None,None,None,None,1,3,Dépendance,nan,0,None,None,None,None,nan,2.642604,48.844414,000AE
2018-735085,16/03/2018,1,Vente,134000,3,None,RUE CHARLES BAUDELAIRE,101,77200,77468,Torcy,77,None,None,77468000AE0061,None,None,245,50.66,None,nan,None,None,None,None,None,None,1,2,Appartement,52,2,None,None,None,None,nan,2.646012,48.843945,000AE
2018-735085,16/03/2018,1,Vente,134000,3,None,RUE CHARLES BAUDELAIRE,101,77200,77468,Torcy,77,None,None,77468000AE0061,None,None,309,nan,None,nan,None,None,None,None,None,None,1,3,Dépendance,nan,0,None,None,None,None,nan,2.646012,48.843945,000AE
2018-734897,22/02/2018,1,Vente,113000,6,None,RUE JULES VALLES,329,77200,77468,Torcy,77,None,None,77468000AE0091,None,None,115,27.75,None,nan,None,None,None,None,None,None,1,2,Appartement,27,1,None,None,None,None,nan,2.642604,48.844414,000AE
2018-734897,22/02/2018,1,Vente,113000,13,None,RUE VICTOR HUGO,491,77200,77468,Torcy,77,None,None,77468000AE0091,None,None,205,nan,None,nan,None,None,None,None,None,None,1,3,Dépendance,nan,0,None,None,None,None,nan,2.642604,48.844414,000AE
2018-734668,9/02/2018,1,Vente,214950,17,None,RUE JULES VALLES,329,77200,77468,Torcy,77,None,None,77468000AE0091,None,None,4,77.53,None,nan,None,None,None,None,None,None,1,2,Appartement,78,4,None,None,None,None,nan,2.642604,48.844414,000AE
2018-734668,9/02/2018,1,Vente,214950,13,None,RUE VICTOR HUGO,491,77200,77468,Torcy,77,None,None,77468000AE0091,None,None,218,nan,None,nan,None,None,None,None,None,None,1,3,Dépendance,nan,0,None,None,None,None,nan,2.642604,48.844414,000AE
2018-734668,9/02/2018,1,Vente,214950,17,B,RUE JULES VALLES,329,77200,77468,Torcy,77,None,None,77468000AE0091,None,None,73,nan,None,nan,None,None,None,None,None,None,1,3,Dépendance,nan,0,None,None,None,None,nan,2.642604,48.844414,000AE
2018-734634,6/02/2018,1,Vente,113400,3,None,RUE CHARLES BAUDELAIRE,101,77200,77468,Torcy,77,None,None,77468000AE0061,None,None,224,68.4,None,nan,None,None,None,None,None,None,1,2,Appartement,70,3,None,None,None,None,nan,2.646012,48.843945,000AE
2018-734634,6/02/2018,1,Vente,113400,1,None,RUE CHARLES BAUDELAIRE,101,77200,77468,Torcy,77,None,None,77468000AE0061,None,None,260,nan,None,nan,None,None,None,None,None,None,1,3,Dépendance,nan,0,None,None,None,None,nan,2.646012,48.843945,000AE
2018-734650,5/02/2018,1,Vente,187000,1,None,RUE CHARLES BAUDELAIRE,101,77200,77468,Torcy,77,None,None,77468000AE0061,None,None,212,79.39,None,nan,None,None,None,None,None,None,1,2,Appartement,80,4,None,None,None,None,nan,2.646012,48.843945,000AE
2018-734650,5/02/2018,1,Vente,187000,3,None,RUE CHARLES BAUDELAIRE,101,77200,77468,Torcy,77,None,None,77468000AE0061,None,None,291,nan,None,nan,None,None,None,None,None,None,1,3,Dépendance,nan,0,None,None,None,None,nan,2.646012,48.843945,000AE
2018-734188,18/01/2018,1,Vente,158000,7,None,RUE JULES VALLES,329,77200,77468,Torcy,77,None,None,77468000AE0059,None,None,15,61.55,None,nan,None,None,None,None,None,None,1,2,Appartement,60,2,None,None,None,None,nan,2.644406,48.844072,000AE
2018-734188,18/01/2018,1,Vente,158000,7,None,RUE JULES VALLES,329,77200,77468,Torcy,77,None,None,77468000AE0059,None,None,73,nan,None,nan,None,None,None,None,None,None,1,3,Dépendance,nan,0,None,None,None,None,nan,2.644406,48.844072,000AE
2018-733564,9/01/2018,1,Vente,155000,9,None,RUE JULES VALLES,329,77200,77468,Torcy,77,None,None,77468000AE0059,None,None,27,62.72,None,nan,None,None,None,None,None,None,1,2,Appartement,63,3,None,None,None,None,nan,2.644406,48.844072,000AE
2017-1084068,20/12/2017,1,Vente,192000,3,None,RUE JULES VALLES,329,77200,77468,Torcy,77,None,None,77468000AE0057,None,None,16,70.3,None,nan,None,None,None,None,None,None,1,2,Appartement,69,3,None,None,None,None,nan,2.644865,48.84416,000AE
2017-1084068,20/12/2017,1,Vente,192000,3,None,RUE JULES VALLES,329,77200,77468,Torcy,77,None,None,77468000AE0057,None,None,54,nan,None,nan,None,None,None,None,None,None,1,3,Dépendance,nan,0,None,None,None,None,nan,2.644865,48.84416,000AE
2017-1083618,1/12/2017,1,Vente,83000,4,None,RUE JULES VALLES,329,77200,77468,Torcy,77,None,None,77468000AE0097,None,None,321,19.5,None,nan,None,None,None,None,None,None,1,2,Appartement,19,1,None,None,None,None,nan,2.643909,48.844734,000AE
2017-1083346,30/11/2017,1,Vente,199000,3,None,ALL DE LA CARAVELLE,84,77200,77468,Torcy,77,None,None,77468000AE0158,None,None,24,80.88,34,nan,None,None,None,None,None,None,2,2,Appartement,80,4,None,None,None,None,nan,2.644128,48.846618,000AE
2017-1083346,30/11/2017,1,Vente,199000,3,None,ALL DE LA CARAVELLE,84,77200,77468,Torcy,77,None,None,77468000AE0158,None,None,46,nan,None,nan,None,None,None,None,None,None,1,3,Dépendance,nan,0,None,None,None,None,nan,2.644128,48.846618,000AE
2017-1083596,27/11/2017,1,Vente,175000,3,None,RUE JULES VALLES,329,77200,77468,Torcy,77,None,None,77468000AE0057,None,None,12,nan,None,nan,None,None,None,None,None,None,1,2,Appartement,69,3,None,None,None,None,nan,2.644865,48.84416,000AE
2017-1083596,27/11/2017,1,Vente,175000,3,None,RUE JULES VALLES,329,77200,77468,Torcy,77,None,None,77468000AE0057,None,None,58,nan,None,nan,None,None,None,None,None,None,1,3,Dépendance,nan,0,None,None,None,None,nan,2.644865,48.84416,000AE
2017-1082422,24/10/2017,1,Vente,203500,15,None,RUE JULES VALLES,329,77200,77468,Torcy,77,None,None,77468000AE0091,None,None,30,65.65,None,nan,None,None,None,None,None,None,1,2,Appartement,66,3,None,None,None,None,nan,2.642604,48.844414,000AE
2017-1082422,24/10/2017,1,Vente,203500,17,B,RUE JULES VALLES,329,77200,77468,Torcy,77,None,None,77468000AE0091,None,None,49,nan,None,nan,None,None,None,None,None,None,1,3,Dépendance,nan,0,None,None,None,None,nan,2.642604,48.844414,000AE
2017-1082794,20/10/2017,1,Vente,172000,6,None,RUE JULES VALLES,329,77200,77468,Torcy,77,None,None,77468000AE0091,None,None,124,47.85,None,nan,None,None,None,None,None,None,1,2,Appartement,47,2,None,None,None,None,nan,2.642604,48.844414,000AE
2017-1082794,20/10/2017,1,Vente,172000,6,None,RUE JULES VALLES,329,77200,77468,Torcy,77,None,None,77468000AE0091,None,None,145,nan,None,nan,None,None,None,None,None,None,1,3,Dépendance,nan,0,None,None,None,None,nan,2.642604,48.844414,000AE
2017-1081971,13/10/2017,1,Vente,179000,3,None,ALL DE LA CARAVELLE,84,77200,77468,Torcy,77,None,None,77468000AE0158,None,None,21,65.12,35,nan,None,None,None,None,None,None,2,2,Appartement,66,3,None,None,None,None,nan,2.644128,48.846618,000AE
2017-1081971,13/10/2017,1,Vente,179000,3,None,ALL DE LA CARAVELLE,84,77200,77468,Torcy,77,None,None,77468000AE0158,None,None,39,nan,None,nan,None,None,None,None,None,None,1,3,Dépendance,nan,0,None,None,None,None,nan,2.644128,48.846618,000AE
2017-1081875,22/09/2017,1,Vente,250000,10,None,CRS DE L ARCHE GUEDON,8,77200,77468,Torcy,77,None,None,77468000AE0002,None,None,204,115.21,None,nan,None,None,None,None,None,None,1,2,Appartement,111,6,None,None,None,None,nan,2.639724,48.848981,000AE
2017-1081875,22/09/2017,1,Vente,250000,9001,None,RUE DU BEAUREGARD,42,77200,77468,Torcy,77,None,None,77468000AE0002,None,None,112,nan,None,nan,None,None,None,None,None,None,1,3,Dépendance,nan,0,None,None,None,None,nan,2.639724,48.848981,000AE
2017-1081090,30/08/2017,1,Vente,123900,1,None,RUE CHARLES BAUDELAIRE,101,77200,77468,Torcy,77,None,None,77468000AE0061,None,None,210,70.8,None,nan,None,None,None,None,None,None,1,2,Appartement,72,3,None,None,None,None,nan,2.646012,48.843945,000AE
2017-1081090,30/08/2017,1,Vente,123900,1,None,RUE CHARLES BAUDELAIRE,101,77200,77468,Torcy,77,None,None,77468000AE0061,None,None,261,nan,None,nan,None,None,None,None,None,None,1,3,Dépendance,nan,0,None,None,None,None,nan,2.646012,48.843945,000AE
2017-1081000,29/08/2017,1,Vente,93000,4,None,RUE JULES VALLES,329,77200,77468,Torcy,77,None,None,77468000AE0097,None,None,312,19,None,nan,None,None,None,None,None,None,1,2,Appartement,19,1,None,None,None,None,nan,2.643909,48.844734,000AE
2017-1080243,21/08/2017,1,Vente,155000,6,None,CRS DE L ARCHE GUEDON,8,77200,77468,Torcy,77,None,None,77468000AE0002,None,None,1,51.66,None,nan,None,None,None,None,None,None,1,2,Appartement,49,2,None,None,None,None,nan,2.639724,48.848981,000AE
2017-1080243,21/08/2017,1,Vente,155000,9001,None,RUE DU BEAUREGARD,42,77200,77468,Torcy,77,None,None,77468000AE0002,None,None,88,nan,None,nan,None,None,None,None,None,None,1,3,Dépendance,nan,0,None,None,None,None,nan,2.639724,48.848981,000AE
2017-1080110,4/08/2017,1,Vente,260000,20,None,RUE DU BEAUREGARD,42,77200,77468,Torcy,77,None,None,77468000AE0021,None,None,9,84.2,None,nan,None,None,None,None,None,None,1,1,Maison,83,3,S,sols,None,None,68,2.640977,48.847877,000AE
2017-1080033,25/07/2017,1,Vente,80000,2,None,RUE JULES VALLES,329,77200,77468,Torcy,77,None,None,77468000AE0097,None,None,215,18.89,None,nan,None,None,None,None,None,None,1,2,Appartement,19,1,None,None,None,None,nan,2.643909,48.844734,000AE
2017-1079477,20/07/2017,1,Vente,228263,7,None,ALL PIROUETTE,441,77200,77468,Torcy,77,None,None,77468000AE0002,None,None,235,83.06,None,nan,None,None,None,None,None,None,1,2,Appartement,81,4,None,None,None,None,nan,2.639724,48.848981,000AE
2017-1079477,20/07/2017,1,Vente,228263,1,B,ALL DES VERGERS,489,77200,77468,Torcy,77,None,None,77468000AE0004,None,None,34,nan,None,nan,None,None,None,None,None,None,1,3,Dépendance,nan,0,None,None,None,None,nan,2.641593,48.849258,000AE
2017-1078944,13/07/2017,1,Vente,150500,7,None,RUE JULES VALLES,329,77200,77468,Torcy,77,None,None,77468000AE0059,None,None,14,52.91,None,nan,None,None,None,None,None,None,1,2,Appartement,53,2,None,None,None,None,nan,2.644406,48.844072,000AE
2017-1078944,13/07/2017,1,Vente,150500,7,None,RUE JULES VALLES,329,77200,77468,Torcy,77,None,None,77468000AE0059,None,None,74,nan,None,nan,None,None,None,None,None,None,1,3,Dépendance,nan,0,None,None,None,None,nan,2.644406,48.844072,000AE
2017-1078182,23/06/2017,1,Vente,200000,13,None,ALL PIROUETTE,441,77200,77468,Torcy,77,None,None,77468000AE0002,None,None,175,71.87,None,nan,None,None,None,None,None,None,1,2,Appartement,67,3,None,None,None,None,nan,2.639724,48.848981,000AE
2017-1078182,23/06/2017,1,Vente,200000,1,B,ALL DES VERGERS,489,77200,77468,Torcy,77,None,None,77468000AE0004,None,None,24,nan,None,nan,None,None,None,None,None,None,1,3,Dépendance,nan,0,None,None,None,None,nan,2.641593,48.849258,000AE
2017-1077561,6/06/2017,1,Vente,194000,3,None,RUE JULES VALLES,329,77200,77468,Torcy,77,None,None,77468000AE0057,None,None,14,64.04,None,nan,None,None,None,None,None,None,1,2,Appartement,69,3,None,None,None,None,nan,2.644865,48.84416,000AE
2017-1077561,6/06/2017,1,Vente,194000,3,None,RUE JULES VALLES,329,77200,77468,Torcy,77,None,None,77468000AE0057,None,None,56,nan,None,nan,None,None,None,None,None,None,1,3,Dépendance,nan,0,None,None,None,None,nan,2.644865,48.84416,000AE
2017-1077833,24/05/2017,1,Vente,14000,9001,None,RUE DU BEAUREGARD,42,77200,77468,Torcy,77,None,None,77468000AE0002,None,None,39,nan,None,nan,None,None,None,None,None,None,1,3,Dépendance,nan,0,None,None,None,None,nan,2.639724,48.848981,000AE
2017-1077143,19/05/2017,1,Vente,155000,6,None,RUE JULES VALLES,329,77200,77468,Torcy,77,None,None,77468000AE0091,None,None,126,47.5,None,nan,None,None,None,None,None,None,1,2,Appartement,47,2,None,None,None,None,nan,2.642604,48.844414,000AE
2017-1077143,19/05/2017,1,Vente,155000,17,B,RUE JULES VALLES,329,77200,77468,Torcy,77,None,None,77468000AE0091,None,None,66,nan,None,nan,None,None,None,None,None,None,1,3,Dépendance,nan,0,None,None,None,None,nan,2.642604,48.844414,000AE
2017-1075872,31/03/2017,1,Vente,125000,5,None,ALL DUMONT D URVILLE,127,77200,77468,Torcy,77,None,None,77468000AE0021,None,None,25,94.72,None,nan,None,None,None,None,None,None,1,1,Maison,91,4,S,sols,None,None,101,2.640977,48.847877,000AE
2017-1075559,23/03/2017,1,Vente,11500,9001,None,RUE DU BEAUREGARD,42,77200,77468,Torcy,77,None,None,77468000AE0002,None,None,80,nan,None,nan,None,None,None,None,None,None,1,3,Dépendance,nan,0,None,None,None,None,nan,2.639724,48.848981,000AE
2017-1075805,17/03/2017,1,Vente,145980,7,None,RUE CHARLES BAUDELAIRE,101,77200,77468,Torcy,77,None,None,77468000AE0061,None,None,207,nan,None,nan,None,None,None,None,None,None,1,2,Appartement,83,4,None,None,None,None,nan,2.646012,48.843945,000AE
2017-1075805,17/03/2017,1,Vente,145980,3,None,RUE CHARLES BAUDELAIRE,101,77200,77468,Torcy,77,None,None,77468000AE0061,None,None,304,nan,None,nan,None,None,None,None,None,None,1,3,Dépendance,nan,0,None,None,None,None,nan,2.646012,48.843945,000AE
2017-1074812,27/02/2017,1,Vente,1,nan,None,CRS DES LACS,273,77200,77468,Torcy,77,None,None,77468000AE0178,None,None,None,nan,None,nan,None,None,None,None,None,None,0,None,None,nan,nan,S,sols,None,None,9113,2.642658,48.843639,000AE
2017-1075322,25/02/2017,1,Vente,145000,17,None,RUE JULES VALLES,329,77200,77468,Torcy,77,None,None,77468000AE0091,None,None,17,48,None,nan,None,None,None,None,None,None,1,2,Appartement,46,2,None,None,None,None,nan,2.642604,48.844414,000AE
2017-1075322,25/02/2017,1,Vente,145000,17,B,RUE JULES VALLES,329,77200,77468,Torcy,77,None,None,77468000AE0091,None,None,71,nan,None,nan,None,None,None,None,None,None,1,3,Dépendance,nan,0,None,None,None,None,nan,2.642604,48.844414,000AE
2017-1076239,5/01/2017,1,Adjudication,134000,21,None,ALL PIROUETTE,441,77200,77468,Torcy,77,None,None,77468000AE0002,None,None,63,nan,None,nan,None,None,None,None,None,None,1,2,Appartement,87,4,None,None,None,None,nan,2.639724,48.848981,000AE
2017-1076239,5/01/2017,1,Adjudication,134000,9001,None,RUE DU BEAUREGARD,42,77200,77468,Torcy,77,None,None,77468000AE0002,None,None,76,nan,None,nan,None,None,None,None,None,None,1,3,Dépendance,nan,0,None,None,None,None,nan,2.639724,48.848981,000AE
2016-961998,29/12/2016,1,Vente,225000,5,None,ALL PIROUETTE,441,77200,77468,Torcy,77,None,None,77468000AE0002,None,None,262,85.52,None,nan,None,None,None,None,None,None,1,2,Appartement,82,4,None,None,None,None,nan,2.639724,48.848981,000AE
2016-962136,29/12/2016,1,Vente,79500,2,None,RUE JULES VALLES,329,77200,77468,Torcy,77,None,None,77468000AE0097,None,None,227,19.81,None,nan,None,None,None,None,None,None,1,2,Appartement,19,1,None,None,None,None,nan,2.643909,48.844734,000AE
2016-961998,29/12/2016,1,Vente,225000,1,B,ALL DES VERGERS,489,77200,77468,Torcy,77,None,None,77468000AE0004,None,None,7,nan,None,nan,None,None,None,None,None,None,1,3,Dépendance,nan,0,None,None,None,None,nan,2.641593,48.849258,000AE
2016-962545,24/12/2016,1,Vente,189000,4,None,RUE VICTOR HUGO,491,77200,77468,Torcy,77,None,None,77468000AE0057,None,None,29,69.26,None,nan,None,None,None,None,None,None,1,2,Appartement,69,3,None,None,None,None,nan,2.644865,48.84416,000AE
2016-962545,24/12/2016,1,Vente,189000,4,None,RUE VICTOR HUGO,491,77200,77468,Torcy,77,None,None,77468000AE0057,None,None,79,nan,None,nan,None,None,None,None,None,None,1,3,Dépendance,nan,0,None,None,None,None,nan,2.644865,48.84416,000AE
2016-961700,29/11/2016,1,Vente,264000,18,None,ALL DES VERGERS,489,77200,77468,Torcy,77,None,None,77468000AE0015,None,None,5,94.36,None,nan,None,None,None,None,None,None,1,1,Maison,91,4,S,sols,None,None,1,2.639248,48.848453,000AE
2016-961051,29/11/2016,1,Vente,1,nan,None,RUE DU BEAUREGARD,42,77200,77468,Torcy,77,None,None,77468000AE0208,None,None,None,nan,None,nan,None,None,None,None,None,None,0,None,None,nan,nan,S,sols,None,None,4431,2.64209,48.848264,000AE
2016-961051,29/11/2016,1,Vente,1,nan,None,ALL DE LA CARAVELLE,84,77200,77468,Torcy,77,None,None,77468000AE0215,None,None,None,nan,None,nan,None,None,None,None,None,None,0,None,None,nan,nan,S,sols,None,None,3480,2.643312,48.846293,000AE
2016-958710,9/09/2016,1,Vente,246000,2,None,ALL DUMONT D URVILLE,127,77200,77468,Torcy,77,None,None,77468000AE0015,None,None,11,91.59,None,nan,None,None,None,None,None,None,1,1,Maison,91,4,S,sols,None,None,1,2.639248,48.848453,000AE
2016-959147,9/09/2016,1,Vente,181000,3,None,ALL DE LA CARAVELLE,84,77200,77468,Torcy,77,None,None,77468000AE0158,None,None,31,nan,9,66.37,None,None,None,None,None,None,2,2,Appartement,66,3,None,None,None,None,nan,2.644128,48.846618,000AE
2016-959147,9/09/2016,1,Vente,181000,3,None,ALL DE LA CARAVELLE,84,77200,77468,Torcy,77,None,None,77468000AE0158,None,None,38,nan,None,nan,None,None,None,None,None,None,1,3,Dépendance,nan,0,None,None,None,None,nan,2.644128,48.846618,000AE
2016-958985,31/08/2016,1,Vente,170000,11,None,RUE JULES VALLES,329,77200,77468,Torcy,77,None,None,77468000AE0059,None,None,38,62.91,None,nan,None,None,None,None,None,None,1,2,Appartement,63,3,None,None,None,None,nan,2.644406,48.844072,000AE
2016-958985,31/08/2016,1,Vente,170000,7,None,RUE JULES VALLES,329,77200,77468,Torcy,77,None,None,77468000AE0059,None,None,90,nan,None,nan,None,None,None,None,None,None,1,3,Dépendance,nan,0,None,None,None,None,nan,2.644406,48.844072,000AE
2016-958295,25/08/2016,1,Vente,280000,4,None,ALL DUMONT D URVILLE,127,77200,77468,Torcy,77,None,None,77468000AE0015,None,None,12,97.36,None,nan,None,None,None,None,None,None,1,1,Maison,91,4,S,sols,None,None,86,2.639248,48.848453,000AE
2016-958953,25/08/2016,1,Vente,134160,7,None,RUE CHARLES BAUDELAIRE,101,77200,77468,Torcy,77,None,None,77468000AE0061,None,None,250,nan,None,nan,None,None,None,None,None,None,1,2,Appartement,70,3,None,None,None,None,nan,2.646012,48.843945,000AE
2016-958297,25/08/2016,1,Vente,12000,9001,None,RUE DU BEAUREGARD,42,77200,77468,Torcy,77,None,None,77468000AE0002,None,None,38,nan,None,nan,None,None,None,None,None,None,1,3,Dépendance,nan,0,None,None,None,None,nan,2.639724,48.848981,000AE
2016-958953,25/08/2016,1,Vente,134160,3,None,RUE CHARLES BAUDELAIRE,101,77200,77468,Torcy,77,None,None,77468000AE0061,None,None,284,nan,None,nan,None,None,None,None,None,None,1,3,Dépendance,nan,0,None,None,None,None,nan,2.646012,48.843945,000AE
2016-958739,17/08/2016,1,Vente,132990,1,None,RUE CHARLES BAUDELAIRE,101,77200,77468,Torcy,77,None,None,77468000AE0061,None,None,232,nan,None,nan,None,None,None,None,None,None,1,2,Appartement,69,3,None,None,None,None,nan,2.646012,48.843945,000AE
2016-958739,17/08/2016,1,Vente,132990,3,None,RUE CHARLES BAUDELAIRE,101,77200,77468,Torcy,77,None,None,77468000AE0061,None,None,307,nan,None,nan,None,None,None,None,None,None,1,3,Dépendance,nan,0,None,None,None,None,nan,2.646012,48.843945,000AE
2016-957775,29/07/2016,1,Vente,261000,25,None,ALL PIROUETTE,441,77200,77468,Torcy,77,None,None,77468000AE0002,None,None,23,115.26,None,nan,None,None,None,None,None,None,1,2,Appartement,111,6,None,None,None,None,nan,2.639724,48.848981,000AE
2016-957775,29/07/2016,1,Vente,261000,9001,None,RUE DU BEAUREGARD,42,77200,77468,Torcy,77,None,None,77468000AE0002,None,None,40,nan,None,nan,None,None,None,None,None,None,1,3,Dépendance,nan,0,None,None,None,None,nan,2.639724,48.848981,000AE
2016-956620,17/06/2016,1,Vente,96000,6,None,RUE JULES VALLES,329,77200,77468,Torcy,77,None,None,77468000AE0091,None,None,108,28,None,nan,None,None,None,None,None,None,1,2,Appartement,27,1,None,None,None,None,nan,2.642604,48.844414,000AE
2016-956620,17/06/2016,1,Vente,96000,13,None,RUE VICTOR HUGO,491,77200,77468,Torcy,77,None,None,77468000AE0091,None,None,202,nan,None,nan,None,None,None,None,None,None,1,3,Dépendance,nan,0,None,None,None,None,nan,2.642604,48.844414,000AE
2016-955210,16/05/2016,1,Vente,177000,11,None,RUE JULES VALLES,329,77200,77468,Torcy,77,None,None,77468000AE0059,None,None,41,64.02,None,nan,None,None,None,None,None,None,1,2,Appartement,63,3,None,None,None,None,nan,2.644406,48.844072,000AE
2016-955210,16/05/2016,1,Vente,177000,7,None,RUE JULES VALLES,329,77200,77468,Torcy,77,None,None,77468000AE0059,None,None,108,nan,None,nan,None,None,None,None,None,None,1,3,Dépendance,nan,0,None,None,None,None,nan,2.644406,48.844072,000AE
2016-955127,4/05/2016,1,Vente,243000,21,None,ALL DUMONT D URVILLE,127,77200,77468,Torcy,77,None,None,77468000AE0015,None,None,23,108.8,None,nan,None,None,None,None,None,None,1,1,Maison,91,4,S,sols,None,None,91,2.639248,48.848453,000AE
2016-955213,15/04/2016,1,Vente,188730,17,None,RUE JULES VALLES,329,77200,77468,Torcy,77,None,None,77468000AE0091,None,None,13,66.29,None,nan,None,None,None,None,None,None,1,2,Appartement,66,3,None,None,None,None,nan,2.642604,48.844414,000AE
2016-955213,15/04/2016,1,Vente,188730,17,B,RUE JULES VALLES,329,77200,77468,Torcy,77,None,None,77468000AE0091,None,None,74,nan,None,nan,None,None,None,None,None,None,1,3,Dépendance,nan,0,None,None,None,None,nan,2.642604,48.844414,000AE
2016-954438,29/03/2016,1,Vente,213000,13,None,RUE JULES VALLES,329,77200,77468,Torcy,77,None,None,77468000AE0059,None,None,62,101.2,None,nan,None,None,None,None,None,None,1,2,Appartement,104,4,None,None,None,None,nan,2.644406,48.844072,000AE
2016-954438,29/03/2016,1,Vente,213000,7,None,RUE JULES VALLES,329,77200,77468,Torcy,77,None,None,77468000AE0059,None,None,105,nan,None,nan,None,None,None,None,None,None,1,3,Dépendance,nan,0,None,None,None,None,nan,2.644406,48.844072,000AE
2016-954739,26/03/2016,1,Vente,277900,3,None,ALL DU COMMANDANT CHARCOT,116,77200,77468,Torcy,77,None,None,77468000AE0015,None,None,39,93,None,nan,None,None,None,None,None,None,1,1,Maison,91,4,S,sols,None,None,113,2.639248,48.848453,000AE
2016-954116,25/03/2016,1,Vente,295000,26,None,RUE DU BEAUREGARD,42,77200,77468,Torcy,77,None,None,77468000AE0021,None,None,12,125,None,nan,None,None,None,None,None,None,1,1,Maison,122,6,S,sols,None,None,139,2.640977,48.847877,000AE
2016-953714,8/03/2016,1,Vente,136000,13,None,RUE JULES VALLES,329,77200,77468,Torcy,77,None,None,77468000AE0059,None,None,54,53.07,None,nan,None,None,None,None,None,None,1,2,Appartement,54,2,None,None,None,None,nan,2.644406,48.844072,000AE
2016-953610,4/03/2016,1,Vente,11300,nan,None,RUE DU BEAUREGARD,42,77200,77468,Torcy,77,None,None,77468000AE0095,None,None,None,nan,None,nan,None,None,None,None,None,None,0,None,None,nan,nan,S,sols,None,None,263,2.644428,48.848069,000AE
2016-953611,4/03/2016,1,Vente,1,nan,None,RUE JULES VALLES,329,77200,77468,Torcy,77,None,None,77468000AE0224,None,None,None,nan,None,nan,None,None,None,None,None,None,0,None,None,nan,nan,S,sols,None,None,20,2.642901,48.844596,000AE
2016-953611,4/03/2016,1,Vente,1,nan,None,RUE JULES VALLES,329,77200,77468,Torcy,77,None,None,77468000AE0225,None,None,None,nan,None,nan,None,None,None,None,None,None,0,None,None,nan,nan,S,sols,None,None,19,2.645872,48.844126,000AE
2016-953611,4/03/2016,1,Vente,1,nan,None,RUE JULES VALLES,329,77200,77468,Torcy,77,None,None,77468000AE0228,None,None,None,nan,None,nan,None,None,None,None,None,None,0,None,None,nan,nan,S,sols,None,None,11830,2.644169,48.844511,000AE
2016-952733,22/01/2016,1,Vente,225000,1,None,ALL DU COMMANDANT CHARCOT,116,77200,77468,Torcy,77,None,None,77468000AE0015,None,None,40,81.11,None,nan,None,None,None,None,None,None,1,1,Maison,83,3,S,sols,None,None,76,2.639248,48.848453,000AE
2016-952990,15/01/2016,1,Vente,149040,3,None,RUE CHARLES BAUDELAIRE,101,77200,77468,Torcy,77,None,None,77468000AE0061,None,None,204,nan,None,nan,None,None,None,None,None,None,1,2,Appartement,91,4,None,None,None,None,nan,2.646012,48.843945,000AE
2016-952990,15/01/2016,1,Vente,149040,1,None,RUE CHARLES BAUDELAIRE,101,77200,77468,Torcy,77,None,None,77468000AE0061,None,None,275,nan,None,nan,None,None,None,None,None,None,1,3,Dépendance,nan,0,None,None,None,None,nan,2.646012,48.843945,000AE
2016-952565,6/01/2016,1,Vente,179900,16,None,CRS DE L ARCHE GUEDON,8,77200,77468,Torcy,77,None,None,77468000AE0002,None,None,336,70.11,None,nan,None,None,None,None,None,None,1,2,Appartement,67,3,None,None,None,None,nan,2.639724,48.848981,000AE
2015-894732,22/12/2015,1,Vente,193000,6,None,RUE JULES VALLES,329,77200,77468,Torcy,77,None,None,77468000AE0091,None,None,106,69.52,169,nan,None,None,None,None,None,None,2,2,Appartement,69,3,None,None,None,None,nan,2.642604,48.844414,000AE
2015-894732,22/12/2015,1,Vente,193000,6,None,RUE JULES VALLES,329,77200,77468,Torcy,77,None,None,77468000AE0091,None,None,156,nan,None,nan,None,None,None,None,None,None,1,3,Dépendance,nan,0,None,None,None,None,nan,2.642604,48.844414,000AE
2015-894850,9/12/2015,1,Vente,119140,3,None,RUE CHARLES BAUDELAIRE,101,77200,77468,Torcy,77,None,None,77468000AE0061,None,None,255,nan,None,nan,None,None,None,None,None,None,1,2,Appartement,52,2,None,None,None,None,nan,2.646012,48.843945,000AE
2015-894850,9/12/2015,1,Vente,119140,1,None,RUE CHARLES BAUDELAIRE,101,77200,77468,Torcy,77,None,None,77468000AE0061,None,None,271,nan,None,nan,None,None,None,None,None,None,1,3,Dépendance,nan,0,None,None,None,None,nan,2.646012,48.843945,000AE
2015-893839,19/11/2015,1,Vente,153600,29,None,ALL PIROUETTE,441,77200,77468,Torcy,77,None,None,77468000AE0002,None,None,6,nan,None,nan,None,None,None,None,None,None,1,2,Appartement,51,2,None,None,None,None,nan,2.639724,48.848981,000AE
2015-893839,19/11/2015,1,Vente,153600,9001,None,RUE DU BEAUREGARD,42,77200,77468,Torcy,77,None,None,77468000AE0002,None,None,87,nan,None,nan,None,None,None,None,None,None,1,3,Dépendance,nan,0,None,None,None,None,nan,2.639724,48.848981,000AE
2015-894087,17/11/2015,1,Vente,160000,15,None,RUE JULES VALLES,329,77200,77468,Torcy,77,None,None,77468000AE0091,None,None,37,48.3,None,nan,None,None,None,None,None,None,1,2,Appartement,46,2,None,None,None,None,nan,2.642604,48.844414,000AE
2015-894087,17/11/2015,1,Vente,160000,17,B,RUE JULES VALLES,329,77200,77468,Torcy,77,None,None,77468000AE0091,None,None,70,nan,None,nan,None,None,None,None,None,None,1,3,Dépendance,nan,0,None,None,None,None,nan,2.642604,48.844414,000AE
2015-893670,13/11/2015,1,Vente,215000,25,None,ALL PIROUETTE,441,77200,77468,Torcy,77,None,None,77468000AE0002,None,None,28,66,None,nan,None,None,None,None,None,None,1,2,Appartement,67,3,None,None,None,None,nan,2.639724,48.848981,000AE
2015-893670,13/11/2015,1,Vente,215000,9001,None,RUE DU BEAUREGARD,42,77200,77468,Torcy,77,None,None,77468000AE0002,None,None,36,nan,None,nan,None,None,None,None,None,None,1,3,Dépendance,nan,0,None,None,None,None,nan,2.639724,48.848981,000AE
2015-894028,5/11/2015,1,Vente,155000,7,None,RUE JULES VALLES,329,77200,77468,Torcy,77,None,None,77468000AE0059,None,None,18,59.83,None,nan,None,None,None,None,None,None,1,2,Appartement,64,2,None,None,None,None,nan,2.644406,48.844072,000AE
2015-894028,5/11/2015,1,Vente,155000,7,None,RUE JULES VALLES,329,77200,77468,Torcy,77,None,None,77468000AE0059,None,None,76,nan,None,nan,None,None,None,None,None,None,1,3,Dépendance,nan,0,None,None,None,None,nan,2.644406,48.844072,000AE
2015-893333,30/10/2015,1,Vente,210000,3,None,ALL DE LA CARAVELLE,84,77200,77468,Torcy,77,None,None,77468000AE0158,None,None,22,96.02,None,nan,None,None,None,None,None,None,1,2,Appartement,94,5,None,None,None,None,nan,2.644128,48.846618,000AE
2015-893333,30/10/2015,1,Vente,210000,3,None,ALL DE LA CARAVELLE,84,77200,77468,Torcy,77,None,None,77468000AE0158,None,None,59,nan,None,nan,None,None,None,None,None,None,1,3,Dépendance,nan,0,None,None,None,None,nan,2.644128,48.846618,000AE
2015-893344,19/10/2015,1,Vente,190000,3,None,ALL DE LA CARAVELLE,84,77200,77468,Torcy,77,None,None,77468000AE0158,None,None,7,82.89,None,nan,None,None,None,None,None,None,1,2,Appartement,82,4,None,None,None,None,nan,2.644128,48.846618,000AE
2015-893344,19/10/2015,1,Vente,190000,3,None,ALL DE LA CARAVELLE,84,77200,77468,Torcy,77,None,None,77468000AE0158,None,None,52,nan,None,nan,None,None,None,None,None,None,1,3,Dépendance,nan,0,None,None,None,None,nan,2.644128,48.846618,000AE
2015-892921,1/10/2015,1,Vente,185000,6,None,RUE JULES VALLES,329,77200,77468,Torcy,77,None,None,77468000AE0091,None,None,117,68.39,None,nan,None,None,None,None,None,None,1,2,Appartement,68,3,None,None,None,None,nan,2.642604,48.844414,000AE
2015-892921,1/10/2015,1,Vente,185000,6,None,RUE JULES VALLES,329,77200,77468,Torcy,77,None,None,77468000AE0091,None,None,148,nan,None,nan,None,None,None,None,None,None,1,3,Dépendance,nan,0,None,None,None,None,nan,2.642604,48.844414,000AE
2015-892693,21/09/2015,1,Vente,195000,15,None,RUE JULES VALLES,329,77200,77468,Torcy,77,None,None,77468000AE0091,None,None,30,65.65,None,nan,None,None,None,None,None,None,1,2,Appartement,66,3,None,None,None,None,nan,2.642604,48.844414,000AE
2015-892693,21/09/2015,1,Vente,195000,17,B,RUE JULES VALLES,329,77200,77468,Torcy,77,None,None,77468000AE0091,None,None,49,nan,None,nan,None,None,None,None,None,None,1,3,Dépendance,nan,0,None,None,None,None,nan,2.642604,48.844414,000AE
2015-892303,8/09/2015,1,Vente,174220,6,None,RUE JULES VALLES,329,77200,77468,Torcy,77,None,None,77468000AE0091,None,None,101,58.17,170,nan,None,None,None,None,None,None,2,2,Appartement,58,3,None,None,None,None,nan,2.642604,48.844414,000AE
2015-892303,8/09/2015,1,Vente,174220,6,None,RUE JULES VALLES,329,77200,77468,Torcy,77,None,None,77468000AE0091,None,None,152,nan,None,nan,None,None,None,None,None,None,1,3,Dépendance,nan,0,None,None,None,None,nan,2.642604,48.844414,000AE
2015-892104,3/09/2015,1,Vente,186000,3,None,ALL DE LA CARAVELLE,84,77200,77468,Torcy,77,None,None,77468000AE0158,None,None,18,80.6,32,nan,None,None,None,None,None,None,2,2,Appartement,80,4,None,None,None,None,nan,2.644128,48.846618,000AE
2015-892104,3/09/2015,1,Vente,186000,3,None,ALL DE LA CARAVELLE,84,77200,77468,Torcy,77,None,None,77468000AE0158,None,None,55,nan,None,nan,None,None,None,None,None,None,1,3,Dépendance,nan,0,None,None,None,None,nan,2.644128,48.846618,000AE
2015-891766,3/09/2015,1,Vente,1,nan,None,PROM DU GALION,177,77200,77468,Torcy,77,None,None,77468000AE0123,None,None,None,nan,None,nan,None,None,None,None,None,None,0,None,None,nan,nan,S,sols,None,None,10,2.641734,48.847146,000AE
2015-891766,3/09/2015,1,Vente,1,nan,None,PROM DU GALION,177,77200,77468,Torcy,77,None,None,77468000AE0124,None,None,None,nan,None,nan,None,None,None,None,None,None,0,None,None,nan,nan,S,sols,None,None,29,2.64199,48.847326,000AE
2015-891766,3/09/2015,1,Vente,1,nan,None,PROM DU GALION,177,77200,77468,Torcy,77,None,None,77468000AE0125,None,None,None,nan,None,nan,None,None,None,None,None,None,0,None,None,nan,nan,T,terres,None,None,386,2.6418,48.847276,000AE
2015-891146,3/08/2015,1,Vente,110000,nan,None,None,None,None,77468,Torcy,77,None,None,77468000AE0053,None,15,None,nan,None,nan,None,None,None,None,None,None,0,None,None,nan,nan,None,None,None,None,nan,2.645525,48.843698,000AE
2015-891146,3/08/2015,1,Vente,110000,nan,None,None,None,None,77468,Torcy,77,None,None,77468000AE0053,None,17,None,nan,None,nan,None,None,None,None,None,None,0,None,None,nan,nan,None,None,None,None,nan,2.645525,48.843698,000AE
2015-890961,30/07/2015,1,Vente,205000,2,None,RUE VICTOR HUGO,491,77200,77468,Torcy,77,None,None,77468000AE0057,None,None,43,79.07,None,nan,None,None,None,None,None,None,1,2,Appartement,82,4,None,None,None,None,nan,2.644865,48.84416,000AE
2015-890990,30/07/2015,1,Vente,163000,2,None,RUE VICTOR HUGO,491,77200,77468,Torcy,77,None,None,77468000AE0057,None,None,40,65.34,None,nan,None,None,None,None,None,None,1,2,Appartement,67,3,None,None,None,None,nan,2.644865,48.84416,000AE
2015-890961,30/07/2015,1,Vente,205000,2,None,RUE VICTOR HUGO,491,77200,77468,Torcy,77,None,None,77468000AE0057,None,None,88,nan,None,nan,None,None,None,None,None,None,1,3,Dépendance,nan,0,None,None,None,None,nan,2.644865,48.84416,000AE
2015-890990,30/07/2015,1,Vente,163000,2,None,RUE VICTOR HUGO,491,77200,77468,Torcy,77,None,None,77468000AE0057,None,None,83,nan,None,nan,None,None,None,None,None,None,1,3,Dépendance,nan,0,None,None,None,None,nan,2.644865,48.84416,000AE
2015-891574,29/07/2015,1,Vente,207000,7,None,ALL PIROUETTE,441,77200,77468,Torcy,77,None,None,77468000AE0002,None,None,234,83.65,None,nan,None,None,None,None,None,None,1,2,Appartement,80,4,None,None,None,None,nan,2.639724,48.848981,000AE
2015-891574,29/07/2015,1,Vente,207000,1,B,ALL DES VERGERS,489,77200,77468,Torcy,77,None,None,77468000AE0004,None,None,33,nan,None,nan,None,None,None,None,None,None,1,3,Dépendance,nan,0,None,None,None,None,nan,2.641593,48.849258,000AE
2015-889366,29/05/2015,1,Vente,180000,3,None,ALL DE LA CARAVELLE,84,77200,77468,Torcy,77,None,None,77468000AE0158,None,None,2,65.16,None,nan,None,None,None,None,None,None,1,2,Appartement,66,3,None,None,None,None,nan,2.644128,48.846618,000AE
2015-889800,29/05/2015,1,Vente,226000,3,None,ALL PIROUETTE,441,77200,77468,Torcy,77,None,None,77468000AE0002,None,None,265,83.17,None,nan,None,None,None,None,None,None,1,2,Appartement,81,4,None,None,None,None,nan,2.639724,48.848981,000AE
2015-889366,29/05/2015,1,Vente,180000,3,None,ALL DE LA CARAVELLE,84,77200,77468,Torcy,77,None,None,77468000AE0158,None,None,64,nan,None,nan,None,None,None,None,None,None,1,3,Dépendance,nan,0,None,None,None,None,nan,2.644128,48.846618,000AE
2015-889800,29/05/2015,1,Vente,226000,1,B,ALL DES VERGERS,489,77200,77468,Torcy,77,None,None,77468000AE0004,None,None,9,nan,None,nan,None,None,None,None,None,None,1,3,Dépendance,nan,0,None,None,None,None,nan,2.641593,48.849258,000AE
2015-889490,28/05/2015,1,Vente,239250,23,None,ALL PIROUETTE,441,77200,77468,Torcy,77,None,None,77468000AE0002,None,None,29,nan,None,nan,None,None,None,None,None,None,1,2,Appartement,95,5,None,None,None,None,nan,2.639724,48.848981,000AE
2015-889490,28/05/2015,1,Vente,239250,9001,None,RUE DU BEAUREGARD,42,77200,77468,Torcy,77,None,None,77468000AE0002,None,None,32,nan,None,nan,None,None,None,None,None,None,1,3,Dépendance,nan,0,None,None,None,None,nan,2.639724,48.848981,000AE
2015-889874,26/05/2015,1,Vente,176000,2,None,ALL DES VERGERS,489,77200,77468,Torcy,77,None,None,77468000AE0002,None,None,292,85.3,None,nan,None,None,None,None,None,None,1,2,Appartement,82,4,None,None,None,None,nan,2.639724,48.848981,000AE
2015-889874,26/05/2015,1,Vente,176000,1,B,ALL DES VERGERS,489,77200,77468,Torcy,77,None,None,77468000AE0004,None,None,3,nan,None,nan,None,None,None,None,None,None,1,3,Dépendance,nan,0,None,None,None,None,nan,2.641593,48.849258,000AE
2015-888912,18/05/2015,1,Vente,103000,15,None,RUE JULES VALLES,329,77200,77468,Torcy,77,None,None,77468000AE0091,None,None,24,27.97,None,nan,None,None,None,None,None,None,1,2,Appartement,28,1,None,None,None,None,nan,2.642604,48.844414,000AE
2015-888912,18/05/2015,1,Vente,103000,13,None,RUE VICTOR HUGO,491,77200,77468,Torcy,77,None,None,77468000AE0091,None,None,217,nan,None,nan,None,None,None,None,None,None,1,3,Dépendance,nan,0,None,None,None,None,nan,2.642604,48.844414,000AE
2015-888911,15/05/2015,1,Vente,180000,10,None,CRS DE L ARCHE GUEDON,8,77200,77468,Torcy,77,None,None,77468000AE0002,None,None,208,68.92,None,nan,None,None,None,None,None,None,1,2,Appartement,67,3,None,None,None,None,nan,2.639724,48.848981,000AE
2015-888911,15/05/2015,1,Vente,180000,9001,None,RUE DU BEAUREGARD,42,77200,77468,Torcy,77,None,None,77468000AE0002,None,None,89,nan,None,nan,None,None,None,None,None,None,1,3,Dépendance,nan,0,None,None,None,None,nan,2.639724,48.848981,000AE
2015-889313,4/05/2015,1,Vente,8500,7,None,RUE JULES VALLES,329,77200,77468,Torcy,77,None,None,77468000AE0059,None,None,111,nan,None,nan,None,None,None,None,None,None,1,3,Dépendance,nan,0,None,None,None,None,nan,2.644406,48.844072,000AE
2015-888538,31/03/2015,1,Vente,220000,15,None,RUE JULES VALLES,329,77200,77468,Torcy,77,None,None,77468000AE0091,None,None,33,78.85,None,nan,None,None,None,None,None,None,1,2,Appartement,79,4,None,None,None,None,nan,2.642604,48.844414,000AE
2015-888538,31/03/2015,1,Vente,220000,13,None,RUE VICTOR HUGO,491,77200,77468,Torcy,77,None,None,77468000AE0091,None,None,224,nan,None,nan,None,None,None,None,None,None,1,3,Dépendance,nan,0,None,None,None,None,nan,2.642604,48.844414,000AE
2015-888538,31/03/2015,1,Vente,220000,17,B,RUE JULES VALLES,329,77200,77468,Torcy,77,None,None,77468000AE0091,None,None,58,nan,None,nan,None,None,None,None,None,None,1,3,Dépendance,nan,0,None,None,None,None,nan,2.642604,48.844414,000AE
2015-887804,20/03/2015,1,Vente,175000,10,None,CRS DE L ARCHE GUEDON,8,77200,77468,Torcy,77,None,None,77468000AE0002,None,None,205,102.86,None,nan,None,None,None,None,None,None,1,2,Appartement,99,5,None,None,None,None,nan,2.639724,48.848981,000AE
2015-887804,20/03/2015,1,Vente,175000,1,B,ALL DES VERGERS,489,77200,77468,Torcy,77,None,None,77468000AE0004,None,None,19,nan,None,nan,None,None,None,None,None,None,1,3,Dépendance,nan,0,None,None,None,None,nan,2.641593,48.849258,000AE
2015-887546,23/01/2015,1,Vente,172000,3,None,ALL DE LA CARAVELLE,84,77200,77468,Torcy,77,None,None,77468000AE0158,None,None,20,nan,None,nan,None,None,None,None,None,None,1,2,Appartement,83,4,None,None,None,None,nan,2.644128,48.846618,000AE
2015-887546,23/01/2015,1,Vente,172000,3,None,ALL DE LA CARAVELLE,84,77200,77468,Torcy,77,None,None,77468000AE0158,None,None,53,nan,None,nan,None,None,None,None,None,None,1,3,Dépendance,nan,0,None,None,None,None,nan,2.644128,48.846618,000AE
2014-822998,16/12/2014,1,Vente,196000,9,None,ALL PIROUETTE,441,77200,77468,Torcy,77,None,None,77468000AE0002,None,None,232,nan,None,nan,None,None,None,None,None,None,1,2,Appartement,82,4,None,None,None,None,nan,2.639724,48.848981,000AE
2014-822913,16/12/2014,1,Vente,12000,1,B,ALL DES VERGERS,489,77200,77468,Torcy,77,None,None,77468000AE0004,None,None,23,nan,None,nan,None,None,None,None,None,None,1,3,Dépendance,nan,0,None,None,None,None,nan,2.641593,48.849258,000AE
2014-822998,16/12/2014,1,Vente,196000,1,B,ALL DES VERGERS,489,77200,77468,Torcy,77,None,None,77468000AE0004,None,None,30,nan,None,nan,None,None,None,None,None,None,1,3,Dépendance,nan,0,None,None,None,None,nan,2.641593,48.849258,000AE
2014-821616,13/11/2014,1,Vente,60500,2,None,RUE JULES VALLES,329,77200,77468,Torcy,77,None,None,77468000AE0097,None,None,207,19.18,None,nan,None,None,None,None,None,None,1,2,Appartement,19,1,None,None,None,None,nan,2.643909,48.844734,000AE
2014-821804,5/11/2014,1,Vente,202000,11,None,RUE JULES VALLES,329,77200,77468,Torcy,77,None,None,77468000AE0059,None,None,37,62.3,None,nan,None,None,None,None,None,None,1,2,Appartement,63,3,None,None,None,None,nan,2.644406,48.844072,000AE
2014-821804,5/11/2014,1,Vente,202000,7,None,RUE JULES VALLES,329,77200,77468,Torcy,77,None,None,77468000AE0059,None,None,91,nan,None,nan,None,None,None,None,None,None,1,3,Dépendance,nan,0,None,None,None,None,nan,2.644406,48.844072,000AE
2014-819962,29/08/2014,1,Vente,161700,2,None,ALL DES VERGERS,489,77200,77468,Torcy,77,None,None,77468000AE0002,None,None,293,70.18,None,nan,None,None,None,None,None,None,1,2,Appartement,67,3,None,None,None,None,nan,2.639724,48.848981,000AE
2014-819962,29/08/2014,1,Vente,161700,1,B,ALL DES VERGERS,489,77200,77468,Torcy,77,None,None,77468000AE0004,None,None,2,nan,None,nan,None,None,None,None,None,None,1,3,Dépendance,nan,0,None,None,None,None,nan,2.641593,48.849258,000AE
2014-819916,26/08/2014,1,Vente,267250,11,None,ALL LA PEROUSE,275,77200,77468,Torcy,77,None,None,77468000AE0021,None,None,18,85.81,None,nan,None,None,None,None,None,None,1,1,Maison,83,3,S,sols,None,None,116,2.640977,48.847877,000AE
2014-819670,12/08/2014,1,Vente,207500,3,None,ALL PIROUETTE,441,77200,77468,Torcy,77,None,None,77468000AE0002,None,None,268,85.63,None,nan,None,None,None,None,None,None,1,2,Appartement,82,4,None,None,None,None,nan,2.639724,48.848981,000AE
2014-819670,12/08/2014,1,Vente,207500,1,B,ALL DES VERGERS,489,77200,77468,Torcy,77,None,None,77468000AE0004,None,None,28,nan,None,nan,None,None,None,None,None,None,1,3,Dépendance,nan,0,None,None,None,None,nan,2.641593,48.849258,000AE
2014-819557,7/08/2014,1,Vente,90000,2,None,RUE JULES VALLES,329,77200,77468,Torcy,77,None,None,77468000AE0097,None,None,213,18.93,None,nan,None,None,None,None,None,None,1,2,Appartement,19,1,None,None,None,None,nan,2.643909,48.844734,000AE
2014-819447,31/07/2014,1,Vente,152000,13,None,RUE JULES VALLES,329,77200,77468,Torcy,77,None,None,77468000AE0059,None,None,57,53.87,None,nan,None,None,None,None,None,None,1,2,Appartement,54,2,None,None,None,None,nan,2.644406,48.844072,000AE
2014-819447,31/07/2014,1,Vente,152000,7,None,RUE JULES VALLES,329,77200,77468,Torcy,77,None,None,77468000AE0059,None,None,102,nan,None,nan,None,None,None,None,None,None,1,3,Dépendance,nan,0,None,None,None,None,nan,2.644406,48.844072,000AE
2014-819234,26/07/2014,1,Vente,174000,2,None,RUE VICTOR HUGO,491,77200,77468,Torcy,77,None,None,77468000AE0057,None,None,35,52.19,None,nan,None,None,None,None,None,None,1,2,Appartement,51,2,None,None,None,None,nan,2.644865,48.84416,000AE
2014-819565,18/07/2014,1,Vente,190000,nan,None,None,None,None,77468,Torcy,77,None,None,77468000AE0053,None,13,None,nan,None,nan,None,None,None,None,None,None,0,None,None,nan,nan,None,None,None,None,nan,2.645525,48.843698,000AE
2014-818238,27/05/2014,1,Vente,206000,4,None,RUE VICTOR HUGO,491,77200,77468,Torcy,77,None,None,77468000AE0057,None,None,26,80.4,None,nan,None,None,None,None,None,None,1,2,Appartement,83,4,None,None,None,None,nan,2.644865,48.84416,000AE
2014-818238,27/05/2014,1,Vente,206000,4,None,RUE VICTOR HUGO,491,77200,77468,Torcy,77,None,None,77468000AE0057,None,None,51,nan,None,nan,None,None,None,None,None,None,1,3,Dépendance,nan,0,None,None,None,None,nan,2.644865,48.84416,000AE
2014-817908,5/05/2014,1,Vente,230000,11,None,ALL DU COMMANDANT CHARCOT,116,77200,77468,Torcy,77,None,None,77468000AE0015,None,None,35,80.93,None,nan,None,None,None,None,None,None,1,1,Maison,83,3,S,sols,None,None,83,2.639248,48.848453,000AE
2014-816076,27/02/2014,1,Vente,163000,13,None,RUE JULES VALLES,329,77200,77468,Torcy,77,None,None,77468000AE0059,None,None,60,53.43,None,nan,None,None,None,None,None,None,1,2,Appartement,54,2,None,None,None,None,nan,2.644406,48.844072,000AE
2014-816076,27/02/2014,1,Vente,163000,7,None,RUE JULES VALLES,329,77200,77468,Torcy,77,None,None,77468000AE0059,None,None,83,nan,None,nan,None,None,None,None,None,None,1,3,Dépendance,nan,0,None,None,None,None,nan,2.644406,48.844072,000AE
2014-816109,24/02/2014,1,Vente,195000,3,None,ALL DE LA CARAVELLE,84,77200,77468,Torcy,77,None,None,77468000AE0158,None,None,17,82.7,None,nan,None,None,None,None,None,None,1,2,Appartement,83,4,None,None,None,None,nan,2.644128,48.846618,000AE
2014-816109,24/02/2014,1,Vente,195000,3,None,ALL DE LA CARAVELLE,84,77200,77468,Torcy,77,None,None,77468000AE0158,None,None,51,nan,None,nan,None,None,None,None,None,None,1,3,Dépendance,nan,0,None,None,None,None,nan,2.644128,48.846618,000AE
